<?xml version="1.0" encoding="UTF-8"?>
<beans xmlns="http://www.springframework.org/schema/beans"
	xmlns:xsi="http://www.w3.org/2001/XMLSchema-instance" 
	xmlns:aop="http://www.springframework.org/schema/aop"	
	xmlns:context="http://www.springframework.org/schema/context"
	xmlns:util="http://www.springframework.org/schema/util"
	 xmlns:p="http://www.springframework.org/schema/p"
	 xmlns:tx="http://www.springframework.org/schema/tx"
	 xmlns:mvc="http://www.springframework.org/schema/mvc"
	xsi:schemaLocation="http://www.springframework.org/schema/beans 
	http://www.springframework.org/schema/beans/spring-beans-4.0.xsd
	 http://www.springframework.org/schema/context
     http://www.springframework.org/schema/context/spring-context-3.0.xsd
     http://www.springframework.org/schema/util 
     http://www.springframework.org/schema/util/spring-util-3.0.xsd
  http://www.springframework.org/schema/aop 
http://www.springframework.org/schema/aop/spring-aop.xsd
http://www.springframework.org/schema/mvc 
	http://www.springframework.org/schema/mvc/spring-mvc-3.2.xsd
	http://www.springframework.org/schema/tx 
		http://www.springframework.org/schema/tx/spring-tx-3.2.xsd">
	
	
	<bean id="placeHolderConfig" class="org.springframework.beans.factory.config.PropertyPlaceholderConfigurer">
	
	<property name="location" value="EmpInfo.properties"/>
	
	</bean>
	
<!--date configure-->
	<bean class="org.springframework.beans.factory.config.CustomEditorConfigurer">
	<property name="customEditors">
	
	<map>
	
	<entry key="java.time.LocalDate"
	value="com.cg.demo.bean.MyDateEditor"/>

	
	</map>
	
	
	</property>
	</bean>
	
	<bean id="gt1"  scope="prototype" init-method="setUp" destroy-method="tearDown"
	class="com.cg.demo.bean.BirthDayWishImpl">
	
	<!-- using setter injection -->
	<property name="name" value="Rajib "/>
	<constructor-arg index="0" value="Rajib"/>
	<constructor-arg index="1" value="2019"/>
 	</bean>
 	
	<bean id="gt2" class="com.cg.demo.bean.NewYearWishImpl">
	<property name="name" value="Sarkar "/>
	</bean>
	
	<!--Address Bean defination -->
	<bean id="homeAdd1" class="com.cg.demo.bean.Address">
	<property name="landmark" value="ecopark "/>
		<property name="city" value="kolkata "/>
			<property name="state" value="wb"/>
	</bean>
	
	<!-- using setter injection for Employee And Address Classes-->
	<bean id="offAdd1" class="com.cg.demo.bean.Address">
	<property name="landmark" value="g.t.road "/>
	<property name="city" value="gaziabad "/>
	<property name="state" value="up "/>
	</bean>
	
	<bean id="emp1" class="com.cg.demo.bean.Employee">
	<property name="empId" value="112081"/>
	<property name="empName" value="Rajib "/>
	<property name="empSal" value="25000 "/>
	<property name="empDOJ" >
	<value>getDOJ()</value>
	</property>
	<property name="depts" >
			<list>
				<value>Java</value>
				<value>Oracle</value>
				<value>BI</value>
			</list>
	</property>
	<property name="empAdd" ref="homeAdd1"/>
	</bean>
	
	
	<!-- another bean -->
	<bean id="emp2" class="com.cg.demo.bean.Employee">
	<property name="empId" value="${eId}"/>
	<property name="empName" value="${eNm} "/>
	<property name="empSal" value="${eSal} "/>
	<property name="empDOJ" >
	<value>getDOJ()</value>
	</property>
	<property name="depts" >
			<list>
				<value>Testing</value>
				<value>Admin</value>
			</list>
	</property>
	<property name="empAdd" ref="offAdd1"/>
	
	
	
	
	
	</bean>
	
	
	
	
	
	
	
	
	
	
	
	
	
	
	
	
	
	
	
	
	
	
	
	
	
	
	
</beans>