<?xml version="1.0" encoding="UTF-8"?>
<beans xmlns="http://www.springframework.org/schema/beans"
	   xmlns:xsi="http://www.w3.org/2001/XMLSchema-instance" 
	   xmlns:aop="http://www.springframework.org/schema/aop"	
	   xmlns:context="http://www.springframework.org/schema/context"
	   xmlns:util="http://www.springframework.org/schema/util"
	   xmlns:p="http://www.springframework.org/schema/p"
	   xmlns:tx="http://www.springframework.org/schema/tx"
	   xmlns:mvc="http://www.springframework.org/schema/mvc"
	   xsi:schemaLocation="http://www.springframework.org/schema/beans 
		http://www.springframework.org/schema/beans/spring-beans-4.0.xsd
	 	http://www.springframework.org/schema/context
     	http://www.springframework.org/schema/context/spring-context-3.0.xsd
     	http://www.springframework.org/schema/util 
     	http://www.springframework.org/schema/util/spring-util-3.0.xsd
  		http://www.springframework.org/schema/aop 
		http://www.springframework.org/schema/aop/spring-aop.xsd
		http://www.springframework.org/schema/mvc 
		http://www.springframework.org/schema/mvc/spring-mvc-3.2.xsd
		http://www.springframework.org/schema/tx 
		http://www.springframework.org/schema/tx/spring-tx-3.2.xsd">
		
		
		
	<!--using external properties file-->
	<context:component-scan base-package="com.cg.demo.bean"></context:component-scan>
	<bean id="placeHolderConfig" class="org.springframework.beans.factory.config.PropertyPlaceholderConfigurer">
	<property name="location" value="EmpInfo.properties"/>
	</bean>
	
	
	
	<!--date configure-->
	<bean class="org.springframework.beans.factory.config.CustomEditorConfigurer">
	<property name="customEditors">
	<map>
	<entry key="java.time.LocalDate"
	value="com.cg.demo.bean.MyDateEditor"/>
	</map>
	</property>
	</bean>
	
</beans>