<?xml version="1.0" encoding="UTF-8"?>
<beans xmlns="http://www.springframework.org/schema/beans"
	xmlns:xsi="http://www.w3.org/2001/XMLSchema-instance" 
	xmlns:aop="http://www.springframework.org/schema/aop"	
	xmlns:context="http://www.springframework.org/schema/context"
	xmlns:util="http://www.springframework.org/schema/util"
	 xmlns:p="http://www.springframework.org/schema/p"
	 xmlns:tx="http://www.springframework.org/schema/tx"
	 xmlns:mvc="http://www.springframework.org/schema/mvc"
	xsi:schemaLocation="http://www.springframework.org/schema/beans 
	http://www.springframework.org/schema/beans/spring-beans-4.0.xsd
	 http://www.springframework.org/schema/context
     http://www.springframework.org/schema/context/spring-context-3.0.xsd
     http://www.springframework.org/schema/util 
     http://www.springframework.org/schema/util/spring-util-3.0.xsd
  http://www.springframework.org/schema/aop 
http://www.springframework.org/schema/aop/spring-aop.xsd
http://www.springframework.org/schema/mvc 
	http://www.springframework.org/schema/mvc/spring-mvc-3.2.xsd
	http://www.springframework.org/schema/tx 
		http://www.springframework.org/schema/tx/spring-tx-3.2.xsd">
	
	
	<bean id="sbu1" class="com.cg.spring.lab1a.SBU">
	<property name="sbuId" value="12555"/>
	<property name="sbuName" value="Vaishali"/>
	<property name="sbuHead" value="Capgemini pvt. limited"/>
	<property name="empList" >
	<list>
				<ref bean="emp1" />
            <ref bean="emp2" />
				
	</list>
   </property>
   </bean>
    
    <bean id="emp1" class="com.cg.spring.lab1a.Employee">
	<property name="employeeId" value="178190"/>
	<property name="employeeName" value="Sourav "/>
	<property name="Salary" value="15870 "/>
	<property name="BusinessUnit" value="BSA"/>
	<property name="age" value="29"/>
	
	
    </bean>
	
	
	<!-- Employee Class -->
	<bean id="emp2" class="com.cg.spring.lab1a.Employee">
	<property name="employeeId" value="178198"/>
	<property name="employeeName" value="Rajib "/>
	<property name="Salary" value="25000 "/>
	<property name="BusinessUnit" value="PSA"/>
	<property name="age" value="24"/>
	
			
	
	
	
	</bean>
	
	
	
	
	
	
	<bean id="sbu2" class="com.cg.spring.lab1b.SBU">
	<constructor-arg index="0" value="252525"></constructor-arg>
	<constructor-arg index="1" value="Rajib Sarkar"></constructor-arg>
	<constructor-arg index="2" value="Vaishali"></constructor-arg>
	<constructor-arg index="3" >
	<list>
				<ref bean="emp3" />
            <ref bean="emp4" />
				
	</list>
   </constructor-arg>
   </bean>
    
    <bean id="emp3" class="com.cg.spring.lab1b.Employee">
	<constructor-arg index="0" value="252525"></constructor-arg>
	<constructor-arg index="1" value="Rabindranath Tagore"></constructor-arg>
	<constructor-arg index="2" value="18988"></constructor-arg>
	<constructor-arg index="3" value="PSA"></constructor-arg>
	<constructor-arg index="4" value="85"></constructor-arg>
	
	
	
    </bean>
	
	
	<!-- Employee Class -->
	<bean id="emp4" class="com.cg.spring.lab1b.Employee">
	<constructor-arg index="0" value="252525"></constructor-arg>
	<constructor-arg index="1" value="munna Tagore"></constructor-arg>
	<constructor-arg index="2" value="18988"></constructor-arg>
	<constructor-arg index="3" value="PSA"></constructor-arg>
	<constructor-arg index="4" value="85"></constructor-arg>

	
			
	
	
	
	</bean>
	
	
	
	
	
	
	
	
	
	
	
	
	
	
	
	
	
	
	
	
	
	
	
	</beans>
	
	
	